Spideer-man in normal human-like situations,Action taken by Spideer-man
Spideer-man is walking down the street and sees a child lost.,Spideer-man would approach the child in a friendly manner and ask if they were lost. He would then help the child find their parents or guardians.
Spideer-man is at the grocery store and sees an elderly woman struggling to carry her groceries.,Spideer-man would offer to help the woman carry her groceries to her car.
Spideer-man is at a bus stop and sees a group of people being harassed by a bully.,Spideer-man would intervene and stop the bully from harassing the people. He would also make sure that the people were safe and that the bully did not retaliate.
Spideer-man is at a park and sees a group of children playing basketball.,Spideer-man would join in and play basketball with the children. He would also teach them some new basketball moves.
Spideer-man is at a coffee shop and sees a man working on his laptop.,Spideer-man would strike up a conversation with the man and ask him what he was working on. He would also offer to help the man with his work if he needed it.
Spideer-man is at a museum and sees a group of tourists taking pictures.,Spideer-man would offer to take pictures of the tourists with their group. He would also make sure that the tourists were having a good time and that they were enjoying the museum.
Spideer-man is at a library and sees a woman helping her child with their homework.,Spideer-man would offer to help the child with their homework or to provide them with any resources that they might need.
Spideer-man is at a restaurant and sees a couple having dinner.,"Spideer-man would leave the couple alone to enjoy their dinner. However, if he saw that the couple was having a good time, he might leave them a friendly note or a small gift."
Spideer-man is at the doctor's office and sees a man waiting for his appointment.,Spideer-man would strike up a conversation with the man and ask him how he was doing. He would also make sure that the man was comfortable and that he had everything he needed.
Spideer-man is at the bank and sees a woman using the ATM.,Spideer-man would make sure that the woman was safe and that she was not being harassed. He would also offer to help her with her banking if she needed it.
Spideer-man is at the park and sees a dog chasing a squirrel.,Spideer-man would stop the dog from chasing the squirrel. He would then make sure that the squirrel was safe and that the dog did not retaliate.
Spideer-man is at a park and sees a group of teenagers playing frisbee.,Spideer-man joins the teenagers and plays frisbee with them. He also teaches them some new frisbee tricks.
Spideer-man is at a library and sees a woman studying for a test.,Spideer-man offers to help the woman study for her test. He also provides her with some helpful tips and resources.
Spideer-man is at a coffee shop and sees a man working on his resume.,Spideer-man offers to help the man with his resume. He also gives him some tips on how to land his dream job.
Spideer-man is at a bus stop and sees an elderly woman having trouble getting on the bus.,Spideer-man helps the elderly woman onto the bus. He also makes sure that she is seated comfortably and that she has everything she needs.
Spideer-man is at a grocery store and sees a mother struggling to keep her child from running around.,Spideer-man offers to help the mother watch her child. He also plays with the child and keeps him entertained.
Spideer-man is at a restaurant and sees a couple having trouble deciding what to order.,Spideer-man recommends some of his favorite dishes to the couple. He also makes sure that they are having a good time and that they are enjoying their meal.
Spideer-man is at the doctor's office and sees a child who is scared of getting a shot.,Spideer-man talks to the child and reassures them that getting a shot is not so bad. He also holds the child's hand and helps them through the shot.
Spideer-man is at the bank and sees a man who is having trouble using the ATM.,Spideer-man helps the man use the ATM. He also explains to him how to use the ATM in the future.
Spideer-man is at the park and sees a dog who is lost.,Spideer-man takes the dog to the animal shelter and helps the shelter find the dog's owner.
Spideer-man is walking down the street and sees a homeless person begging for money.,Spideer-man gives the homeless person some money and asks them how he can help them. He also listens to the homeless person's story and offers them support.
Spideer-man is at the park and sees a group of people having a picnic.,Spideer-man joins the people at the picnic and enjoys their company. He also helps them with their food and drinks.
Spideer-man is at the library and sees a group of children reading books.,Spideer-man reads books to the children and helps them learn new things. He also makes sure that the children are having a good time at the library.
Spideer-man is at the grocery store and sees a woman who is struggling to reach an item on the top shelf.,Spideer-man helps the woman reach the item on the top shelf. He also makes sure that she has everything she needs and that she is having a good time at the grocery store.
Spideer-man is at the restaurant and sees a couple who is having an argument.,Spideer-man tries to mediate the argument and help the couple resolve their differences. He also makes sure that the couple is safe and that they are not going to hurt each other.
Spideer-man is at the doctor's office and sees a man who is anxious about his upcoming surgery.,Spideer-man talks to the man and reassures him that everything will be okay. He also offers the man support and helps him to relax.
Spideer-man is at the bank and sees a woman who is being harassed by a man.,Spideer-man intervenes and stops the man from harassing the woman. He also makes sure that the woman is safe and that the man does not retaliate.
Spideer-man is at the park and sees a dog who is being chased by a car.,Spideer-man saves the dog from being hit by the car. He also makes sure that the dog is safe and that it is not injured.
Spideer-man is walking down the street and sees a group of people protesting against injustice.,Spideer-man joins the protest and shows his support for the cause. He also uses his platform to raise awareness about the issue and to encourage others to take action.
Spideer-man is at the park and sees a group of people volunteering to clean up the environment.,Spideer-man joins the volunteers and helps to clean up the park. He also encourages others to volunteer and to make a difference in their communities.
Spideer-man is at the library and sees a group of people attending a book club meeting.,Spideer-man joins the book club meeting and discusses the book with the other members. He also shares his own thoughts and insights on the book.
Spideer-man is at the grocery store and sees a woman who is struggling to pay for her groceries.,Spideer-man offers to pay for the woman's groceries. He also makes sure that she has everything she needs and that she is having a good time at the grocery store.
Spideer-man is at the restaurant and sees a couple who is celebrating their anniversary.,Spideer-man congratulates the couple on their anniversary and wishes them many more years of happiness. He also offers to take a picture of the couple to commemorate their special occasion.
Spideer-man is at the doctor's office and sees a child who is being treated for a serious illness.,Spideer-man visits the child in the hospital and brings them gifts. He also spends time with the child and plays games with them.
Spideer-man is at the bank and sees a man who has lost his wallet.,Spideer-man helps the man find his wallet and returns it to him. He also makes sure that the man's money and credit cards are safe.
Spideer-man is at the park and sees a dog who is abandoned.,Spideer-man takes the dog to his home and cares for it. He then works to find the dog's owner or to find the dog a new home.
Spideer-man sees a group of people celebrating Diwali in the streets.,"Spideer-man joins in and celebrates Diwali with the people. He also helps them to clean up the mess after the festival.Opens in a new windowhtoindia.com
Diwali Celebration in India"
Spideer-man sees a man struggling to sell his spices at the market.,"Spideer-man buys some of the man's spices and helps him to sell the rest. He also encourages others to buy the man's spices.Opens in a new windowrationalstat.com
Spices Market in India"
Spideer-man sees a woman who is being discriminated against because of her religion.,"Spideer-man stands up to the people who are discriminating against the woman. He also tries to educate others about the importance of religious tolerance.Opens in a new windowwww.infoans.org
Interfaith Prayer in India"
Spideer-man sees a group of children who are not able to go to school because of poverty.,"Spideer-man works to raise money to help the children go to school. He also helps them to get access to the resources they need to succeed.Opens in a new windowwww.spectrumnews.org
Children Studying in India"
Spideer-man sees a man who is suffering from malaria.,"Spideer-man helps the man to get treatment for malaria. He also supports the man's recovery and helps him to reintegrate into society.Opens in a new windowwww.slideshare.net
Malaria Prevention Campaign in India"
Spideer-man sees a group of people who are working to clean up the Ganges River.,"Spideer-man joins the people in their efforts to clean up the Ganges River. He also uses his platform to raise awareness about the importance of environmental protection.Opens in a new windowwww.nationalgeographic.co.uk
Ganges River Cleaning Campaign in India"
Spideer-man sees a man who is being trafficked to work in a sweatshop.,"Spideer-man rescues the man from the traffickers and helps him to find a new job. He also works to expose the sweatshop and to bring the perpetrators to justice.Opens in a new windowseefar.org
AntiTrafficking Campaign in India"
Spideer-man sees a group of children who are being exploited by a child labor ring.,"Spideer-man rescues the children from the child labor ring and helps them to find a safe and loving home. He also works to expose the child labor ring and to bring the perpetrators to justice.Opens in a new windowwww.smilefoundationindia.org
Child Labor Prevention Campaign in India"
Spideer-man sees a woman who is being abused by her husband.,"Spideer-man helps the woman to escape from her abusive husband and to find a safe place to stay. He also supports the woman's recovery and helps her to rebuild her life.Opens in a new windowwww.globalgiving.org
Domestic Violence Awareness Campaign in India"
Spideer-man sees a group of people who are working to improve the lives of the poor and marginalized.,"Spideer-man supports the people in their efforts to improve the lives of the poor and marginalized. He also uses his platform to raise awareness about the issue and to encourage others to get involved.Opens in a new windowwww.amazon.in
Poverty Alleviation Program in India"
Spideer-man sees a man who is being discriminated against because of his sexual orientation or gender identity.,"Spideer-man stands up to the people who are discriminating against the man. He also helps to educate others about the importance of LGBTQ+ rights.Opens in a new windowwww.amnesty.org
LGBTQ+ Rights Campaign in India"
Spideer-man sees a group of people who are working to protect tigers.,"Spideer-man supports the people in their efforts to protect tigers. He also uses his platform to raise awareness about the importance of tiger conservation.Opens in a new windowtcagenda.com
Tiger Conservation Campaign in India"
Spideer-man sees a group of people celebrating Navaratri in the streets.,"Spideer-man joins in and celebrates Navaratri with the people. He also helps them to clean up the mess after the festival.Opens in a new windowwww.asianage.com
Navaratri Celebration in India"
Spideer-man sees a woman struggling to sell her handicrafts at the market.,"Spideer-man buys some of the woman's handicrafts and helps her to sell the rest. He also encourages others to buy the woman's handicrafts.Opens in a new windowblog.clrskills.com
Handicraft Market in India"
Spideer-man sees a group of people who are being harassed by a group of bullies.,"Spideer-man intervenes and stops the bullies from harassing the people. He also talks to the bullies about the consequences of their actions.Opens in a new windowwww.lstrategyq.com
Bullying Prevention Campaign in India"
Spideer-man sees a man who is struggling to carry his water pots.,"Spideer-man helps the man to carry his water pots. He also makes sure that the man has enough water and that he is not dehydrated.Opens in a new windowwww.forbesindia.com
Water Conservation Campaign in India"
Spideer-man sees a group of children who are playing cricket in the street.,"Spideer-man joins in and plays cricket with the children. He also teaches them some new cricket moves.Opens in a new windowwww.gadgets360.com
Cricket Match in India"
Spideer-man sees a woman who is having trouble crossing the street.,"Spideer-man helps the woman to cross the street safely. He also makes sure that the woman is not harassed by any traffic.Opens in a new windowin.linkedin.com
Road Safety Campaign in India"
Spideer-man sees a group of people who are protesting against deforestation.,"Spideer-man joins the protest and shows his support for the cause. He also uses his platform to raise awareness about the issue and to encourage others to take action.Opens in a new windowlornasimmondsdesign.wordpress.com
AntiDeforestation Campaign in India"
Spideer-man sees a man who is being forced to beg on the streets.,"Spideer-man helps the man to find a job and to get off the streets. He also works to expose the people who are forcing the man to beg.Opens in a new windowen.wikipedia.org
Beggary Prevention Campaign in India"
Spideer-man sees a group of children who are being exploited by a gang of criminals.,"Spideer-man rescues the children from the gang and helps them to find a safe and loving home. He also works to expose the gang and to bring the perpetrators to justice.Opens in a new windowtwitter.com
Child Exploitation Prevention Campaign in India"
Spideer-man sees a woman who is being abused by her in-laws.,"Spideer-man helps the woman to escape from her abusive in-laws and to find a safe place to stay. He also supports the woman's recovery and helps her to rebuild her life.Opens in a new windowwww.jagatgururampalji.org
Dowry Prevention Campaign in India"
Spideer-man sees a group of people who are working to empower women.,"Spideer-man supports the people in their efforts to empower women. He also uses his platform to raise awareness about the importance of gender equality.Opens in a new windowwww.careindia.org
Women Empowerment Campaign in India"
Spideer-man sees a man who is being discriminated against because of his disability.,"Spideer-man stands up to the people who are discriminating against the man. He also helps to educate others about the importance of disability inclusion.Opens in a new windowwww.sightsavers.org
Disability Rights Campaign in India"
Spideer-man sees a group of people celebrating Onam in the streets.,"Spideer-man joins in and celebrates Onam with the people. He also helps them to clean up the mess after the festival.Opens in a new windowen.wikipedia.org
Onam Celebration in India"
Spideer-man sees a man struggling to sell his coconuts at the market.,"Spideer-man buys some of the man's coconuts and helps him to sell the rest. He also encourages others to buy the man's coconuts.Opens in a new windowwww.tractorjunction.com
Coconut Market in India"
Spideer-man sees a group of people who are being scammed by a fake guru.,"Spideer-man exposes the fake guru and helps the people to get their money back. He also warns others about the fake guru and his scams.Opens in a new windowen.wikipedia.org
AntiGuru Fraud Campaign in India"
Spideer-man sees a man who is having difficulty getting to the hospital because of traffic.,"Spideer-man carries the man to the hospital in his arms. He also makes sure that the man gets the medical attention he needs.Opens in a new windowtwitter.com
Healthcare Awareness Campaign in India"
Spideer-man sees a group of children who are playing football in the street.,"Spideer-man joins in and plays football with the children. He also teaches them some new football moves.Opens in a new windowolympics.com
Football Match in India"
Spideer-man sees a woman who is having trouble finding a job.,"Spideer-man helps the woman to find a job that is a good fit for her skills and experience. He also supports her in her job search and helps her to prepare for interviews.Opens in a new windowyourstory.com
Job Search Assistance Campaign in India"
Spideer-man sees a group of people who are working to reduce air pollution.,"Spideer-man supports the people in their efforts to reduce air pollution. He also uses his platform to raise awareness about the issue and to encourage others to take action.hide_image
Can't find image. Sorry, Bard is experimental."
Spideer-man sees a man who is being exploited by a landlord.,"Spideer-man helps the man to find affordable housing and to get out of his exploitative lease. He also works to expose the landlord and to bring him to justice.Opens in a new windowwww.nobroker.in
Tenant Rights Campaign in India"
Spideer-man sees a group of children who are being neglected by their parents.,"Spideer-man helps the children to get the care and support they need. He also works to educate the parents about their responsibilities to their children.Opens in a new windowtwitter.com
Child Neglect Prevention Campaign in India"
Spideer-man sees a woman who is being trafficked to work in a brothel.,"Spideer-man rescues the woman from the brothel and helps her to find a safe and loving home. He also works to expose the traffickers and to bring them to justice.Opens in a new windowseefar.org
AntiTrafficking Campaign in India"
Spideer-man sees a group of people who are working to promote religious harmony.,"Spideer-man supports the people in their efforts to promote religious harmony. He also uses his platform to raise awareness about the importance of interfaith tolerance.Opens in a new windowyespunjab.com
Religious Harmony Campaign in India"
Spideer-man sees a man who is being discriminated against because of his caste.,"Spideer-man stands up to the people who are discriminating against the man. He also helps to educate others about the importance of caste equality.Opens in a new windowsppga.ubc.ca
AntiCaste Discrimination Campaign in India"
Spideer-man in normal human-like situations,Action taken by Spideer-man
Spideer-man is at a shopping mall and sees a group of teenagers stealing clothes from a store.,Spideer-man would intervene and stop the teenagers from stealing clothes. He would also talk to the teenagers about the consequences of theft and encourage them to make better choices.
Spideer-man is at the beach and sees a child drowning in the ocean.,Spideer-man would jump into the ocean and save the child from drowning. He would then make sure that the child is okay and that they are not injured.
Spideer-man is at a school and sees a group of students bullying another student.,Spideer-man would intervene and stop the students from bullying the other student. He would also talk to the students about the importance of kindness and acceptance.
Spideer-man is at a park and sees a group of people having a barbecue.,Spideer-man would join in the barbecue and enjoy the company of the people. He would also help them with the food and drinks.
Spideer-man is at a community center and sees a group of people volunteering to help the homeless.,Spideer-man would join the volunteers and help them to feed and clothe the homeless. He would also talk to the homeless people and offer them support.
Spideer-man is at a library and sees a group of children attending a storytime program.,Spideer-man would join the storytime program and read stories to the children. He would also make sure that the children are having a good time and that they are enjoying the stories.
Spideer-man is at a grocery store and sees a woman who is struggling to pay for her groceries.,Spideer-man would offer to pay for the woman's groceries. He would also make
"Spideer-man is in a job interview and the interviewer promises him the job, but then gives it to someone else.",Spideer-man would be disappointed and frustrated by the interviewer's betrayal. He would need to follow up with the interviewer to understand why he was not given the job and to get feedback on his performance. He would also need to continue looking for a job and to not give up on his dreams.
Spideer-man is in a school project with a group of classmates and one of them takes credit for all the work.,"Spideer-man would be disappointed and frustrated by his classmate's betrayal. He would need to confront his classmate about their behavior and try to resolve the issue. If the issue is not resolved, he may need to escalate the issue to the teacher or to the school administration."
Spideer-man is in a sports team and one of his teammates throws the game so that the other team can win.,"Spideer-man would be disappointed and angry by his teammate's betrayal. He would need to confront his teammate about their behavior and try to understand their motivation. If the teammate does not apologize or change their behavior, Spideer-man may need to report the incident to the coach or to the team captain."
Spideer-man is in a neighborhood watch group and one of the other members is stealing from the neighbors.,"Spideer-man would be disappointed and disgusted by the other member's betrayal. He would need to confront the member about their behavior and try to get them to stop. If the member does not stop, Spideer-man may need to report the incident to the police or to the other members of the neighborhood watch group."
Spideer-man is volunteering at a charity and one of the other volunteers is embezzling money from the charity.,"Spideer-man would be disappointed and angry by the other volunteer's betrayal. He would need to confront the volunteer about their behavior and try to get them to return the money. If the volunteer does not return the money, Spideer-man may need to report the incident to the police or to the charity's board of directors."
"Spideer-man is in a relationship with a woman, but she betrays him by having an affair with his best friend.","Spideer-man would be devastated and heartbroken by his girlfriend's betrayal. He would need to end the relationship and grieve the loss of the relationship and the trust he had in her. He would also need to distance himself from his best friend, at least for a while."
"Spideer-man is a member of a social media community, but some of the other members betray him by cyberbullying him.",Spideer-man would be hurt and angry by the other members' betrayal. He would need to block the bullies and report them to the social media platform. He would also need to reach out to his support network for comfort and support.
"Spideer-man is a volunteer at a homeless shelter, but some of the other volunteers betray him by stealing food and supplies from the shelter.",Spideer-man would be disappointed and disgusted by the other volunteers' betrayal. He would need to report the theft to the shelter's management and to the police. He would also need to talk to the other volunteers about the importance of honesty and integrity.
"Spideer-man is a student at a school, but some of his teachers betray him by giving him unfair grades or by failing him for no reason.",Spideer-man would be frustrated and angry by his teachers' betrayal. He would need to talk to the teachers about their grading and grading policies. He may also need to escalate the issue to the school administration.
"Spideer-man is a neighbor to someone, but they betray him by stealing his car or by vandalizing his property.",Spideer-man would be angry and violated by his neighbor's betrayal. He would need to report the crime to the police. He may also need to install security cameras or other security measures to protect his property in the future.
"Spideer-man is a part of a gaming community, but some of the other members betray him by cheating in games or by doxxing him.","Spideer-man would be disappointed and frustrated by the other members' betrayal. He would need to report the cheaters and doxxers to the gaming platform. He may also need to leave the gaming community, at least for a while."
"Spideer-man is a part of a sports team, but some of the other members betray him by bullying him or by using performance-enhancing drugs.","Spideer-man would be hurt and angry by the other members' betrayal. He would need to talk to the coaches and other members of the team about the situation. He may also need to leave the team, at least for a while."
"Spideer-man is a part of a religious community, but some of the other members betray him by spreading rumors about him or by judging him for his beliefs.","Spideer-man would be disappointed and hurt by the other members' betrayal. He would need to talk to the leaders of the religious community about the situation. He may also need to find a new religious community, at least for a while."
